facultad,extension,matriculas_ordinarias,matriculas_extraordinarias,retiros,publicacion_articulos_cientificos_docentes,publicacion_libros_cientificos_docentes,publicacion_revistas_cientificas_docentes,publicacion_articulo_cientifico_estudiante,publicacion_revista_cientifica_estudiante,periodo_academico,total_graduados
Ciencias_Informaticas,Matriz,192,7,20,6,63,32,85,117,13/09/2019,172
Ciencias_Informaticas,Matriz,169,14,53,14,88,14,34,57,03/09/2021,130
Ciencias_Informaticas,Matriz,169,2,53,14,75,32,42,157,03/09/2021,118
Ciencias_Informaticas,Matriz,169,2,53,14,80,32,36,57,11/02/2018,118
Ciencias_Informaticas,Matriz,169,2,53,14,81,32,36,50,11/02/2018,118
Ciencias_Informaticas,Matriz,169,2,53,16,87,32,34,32,11/02/2018,118
Ciencias_Informaticas,Matriz,169,6,53,19,90,32,25,32,16/02/2020,122
Ciencias_Informaticas,Matriz,169,6,53,18,91,32,28,32,11/02/2018,122
Ciencias_Informaticas,Matriz,171,5,53,19,87,32,28,95,11/06/2020,123
Ciencias_Informaticas,Matriz,72,6,53,16,92,32,34,32,18/06/2020,25
Ciencias_Informaticas,Matriz,171,5,53,19,87,32,45,95,25/06/2020,123
Ciencias_Informaticas,Matriz,171,4,55,22,89,32,65,32,01/07/2020,120
Ciencias_Informaticas,Matriz,171,4,53,31,32,32,57,32,08/07/2020,122
Ciencias_Informaticas,Matriz,171,4,53,31,86,32,57,32,15/07/2020,122
Ciencias_Informaticas,Matriz,171,4,53,30,32,32,62,32,07/09/2019,122
Ciencias_Informaticas,Matriz,171,2,56,30,73,32,80,32,30/07/2020,117
Ciencias_Informaticas,Matriz,171,3,53,48,53,32,89,32,06/08/2020,121
Ciencias_Informaticas,Matriz,171,3,54,39,171,32,94,32,13/08/2020,120
Ciencias_Informaticas,Matriz,171,2,55,36,57,32,32,32,20/08/2020,118
Ciencias_Informaticas,Matriz,171,2,54,44,169,32,91,32,27/08/2021,119
Ciencias_Informaticas,Matriz,171,3,51,3,57,32,92,32,03/09/2020,123
Ciencias_Informaticas,Matriz,171,2,51,38,63,32,61,32,10/09/2020,122
Ciencias_Informaticas,Matriz,171,3,80,39,51,32,55,32,17/09/2020,94
Ciencias_Informaticas,Matriz,171,3,84,37,51,32,67,32,24/09/2020,90
Ciencias_Informaticas,Matriz,171,2,82,36,64,32,60,32,30/09/2020,91
Ciencias_Informaticas,Matriz,171,3,82,30,59,32,46,97,08/10/2020,92
Ciencias_Informaticas,Matriz,171,2,82,30,63,32,41,73,15/10/2020,91
Ciencias_Informaticas,Matriz,171,2,82,30,63,32,41,73,22/10/2020,91
Ciencias_Informaticas,Matriz,171,2,82,30,76,32,32,97,29/10/2020,91
Ciencias_Informaticas,Matriz,171,2,82,30,71,32,32,73,05/11/2020,91
Ciencias_Informaticas,Matriz,171,3,82,30,79,32,23,73,12/11/2020,92
Ciencias_Informaticas,Chone,15,14,2,14,20,14,26,14,01/02/2019,27
Ciencias_Informaticas,Chone,23,14,7,14,48,14,14,14,01/02/2019,159
Ciencias_Informaticas,Chone,23,14,3,14,13,14,26,14,01/02/2019,163
Ciencias_Informaticas,Chone,23,14,3,14,22,14,26,14,01/02/2019,163
Ciencias_Informaticas,Chone,23,14,3,14,35,14,26,14,01/02/2019,163
Ciencias_Informaticas,Chone,23,14,3,14,4,14,26,14,01/02/2019,163
Ciencias_Informaticas,Chone,23,14,3,14,43,14,26,14,01/02/2019,163
Ciencias_Informaticas,Chone,23,14,3,14,35,14,26,14,11/02/2018,174
Ciencias_Informaticas,Chone,23,14,3,14,52,14,26,14,11/06/2020,163
Ciencias_Informaticas,Chone,23,14,3,14,52,14,26,14,18/06/2020,163
Ciencias_Informaticas,Chone,23,14,3,14,35,14,26,14,25/06/2020,165
Ciencias_Informaticas,Chone,23,14,3,14,74,14,26,14,01/07/2020,163
Ciencias_Informaticas,Chone,23,14,3,14,43,14,26,14,08/07/2020,107
Ciencias_Informaticas,Chone,23,14,3,14,43,14,26,14,15/07/2020,163
Ciencias_Informaticas,Chone,23,14,3,14,87,14,26,14,07/09/2019,108
Ciencias_Informaticas,Chone,23,14,3,14,74,14,26,14,30/07/2020,172
Ciencias_Informaticas,Chone,23,14,3,14,48,14,33,14,06/08/2020,145
Ciencias_Informaticas,Chone,23,14,3,14,48,14,33,14,13/08/2020,163
Ciencias_Informaticas,Chone,23,14,3,14,78,14,33,14,20/08/2020,163
Ciencias_Informaticas,Chone,23,14,3,14,61,14,67,14,27/08/2021,163
Ciencias_Informaticas,Chone,23,14,2,14,30,14,50,14,03/09/2020,164
Ciencias_Informaticas,Chone,23,14,2,14,65,14,50,14,10/09/2020,164
Ciencias_Informaticas,Chone,23,14,2,14,78,14,26,14,17/09/2020,164
Ciencias_Informaticas,Chone,23,14,3,14,171,14,33,14,24/09/2020,163
Ciencias_Informaticas,Chone,23,14,3,14,171,14,33,14,30/09/2020,163
Ciencias_Informaticas,Chone,23,14,3,14,171,14,33,14,08/10/2020,163
Ciencias_Informaticas,Chone,23,14,3,14,43,14,26,14,15/10/2020,163
Ciencias_Informaticas,Chone,23,14,3,14,43,14,26,14,22/10/2020,163
Ciencias_Informaticas,Chone,23,14,3,14,171,14,33,14,29/10/2020,163
Ciencias_Informaticas,Chone,23,14,3,14,171,14,33,14,05/11/2020,163
Ciencias_Informaticas,Chone,23,14,5,14,32,14,80,14,12/11/2020,161
Ciencias_Informaticas,Bahia,25,14,2,14,36,14,26,14,26/12/2017,37
Ciencias_Informaticas,Bahia,14,26,1,14,26,14,32,14,26/12/2017,39
Ciencias_Informaticas,Bahia,25,14,1,14,36,14,26,14,26/12/2017,38
Ciencias_Informaticas,Bahia,25,14,1,14,24,14,26,14,26/12/2017,38
Ciencias_Informaticas,Bahia,25,14,1,14,16,14,26,14,26/12/2017,38
Ciencias_Informaticas,Bahia,25,14,1,14,44,14,26,14,26/12/2017,38
Ciencias_Informaticas,Bahia,25,14,1,14,44,14,26,14,26/12/2017,38
Ciencias_Informaticas,Bahia,25,14,1,14,32,14,26,14,11/02/2018,38
Ciencias_Informaticas,Bahia,25,14,1,14,60,14,26,14,11/06/2020,38
Ciencias_Informaticas,Bahia,25,14,1,14,60,14,32,14,18/06/2020,38
Ciencias_Informaticas,Bahia,25,14,1,14,32,14,26,14,25/06/2020,38
Ciencias_Informaticas,Bahia,25,14,2,14,44,14,32,14,01/07/2020,37
Ciencias_Informaticas,Bahia,25,14,1,14,32,14,26,14,08/07/2020,38
Ciencias_Informaticas,Bahia,25,14,2,14,72,14,32,14,15/07/2020,37
Ciencias_Informaticas,Bahia,25,14,1,14,28,14,32,14,07/09/2019,38
Ciencias_Informaticas,Bahia,25,14,2,14,64,14,32,14,30/07/2020,37
Ciencias_Informaticas,Bahia,25,14,1,14,44,14,26,14,06/08/2020,38
Ciencias_Informaticas,Bahia,25,14,1,14,20,14,32,14,13/8/2020,38
Ciencias_Informaticas,Bahia,25,14,6,14,80,14,32,14,20/8/2020,33
Ciencias_Informaticas,Bahia,25,14,7,14,44,14,32,14,27/8/2021,32
Ciencias_Informaticas,Bahia,25,14,9,14,24,14,32,14,3/9/2020,30
Ciencias_Informaticas,Bahia,25,14,6,14,20,14,32,14,10/9/2020,33
Ciencias_Informaticas,Bahia,25,14,3,14,28,14,32,14,17/9/2020,36
Ciencias_Informaticas,Bahia,25,14,7,14,12,14,32,14,24/9/2020,32
Ciencias_Informaticas,Bahia,25,14,4,14,36,14,32,14,30/9/2020,35
Ciencias_Informaticas,Bahia,25,14,3,14,28,14,32,14,8/10/2020,36
Ciencias_Informaticas,Bahia,25,14,4,14,20,14,32,14,15/10/2020,35
Ciencias_Informaticas,Bahia,25,14,4,14,20,14,32,14,22/10/2020,35
Ciencias_Informaticas,Bahia,25,14,2,14,52,14,32,14,29/10/2020,37
Ciencias_Informaticas,Bahia,25,14,2,14,36,14,32,14,5/11/2020,37
Ciencias_Informaticas,Bahia,25,14,2,14,16,14,32,14,12/11/2020,37
Ciencias_Informaticas,El Carmen,30,14,3,14,40,14,26,14,6/1/2017,41
Ciencias_Informaticas,El Carmen,26,14,7,14,169,14,26,14,6/1/2017,33
Ciencias_Informaticas,El Carmen,26,14,3,14,42,14,26,14,6/1/2017,37
Ciencias_Informaticas,El Carmen,26,14,3,14,54,14,26,14,6/1/2017,37
Ciencias_Informaticas,El Carmen,26,14,3,14,42,14,26,14,6/1/2017,37
Ciencias_Informaticas,El Carmen,26,14,3,14,31,14,26,14,6/1/2017,37
Ciencias_Informaticas,El Carmen,26,14,3,14,50,14,26,14,6/1/2017,37
Ciencias_Informaticas,El Carmen,26,14,3,14,50,14,33,14,11/2/2018,37
Ciencias_Informaticas,El Carmen,26,14,3,14,62,14,26,14,11/6/2020,37
Ciencias_Informaticas,El Carmen,26,14,3,14,65,14,26,14,18/6/2020,37
Ciencias_Informaticas,El Carmen,26,14,3,14,46,14,26,14,25/6/2020,37
Ciencias_Informaticas,El Carmen,26,14,3,14,54,14,26,14,1/7/2020,37
Ciencias_Informaticas,El Carmen,26,14,3,14,50,14,26,14,8/7/2020,37
Ciencias_Informaticas,El Carmen,26,14,33,14,38,14,26,14,15/7/2020,7
Ciencias_Informaticas,El Carmen,26,14,51,14,65,14,26,14,7/9/2019,-11
Ciencias_Informaticas,El Carmen,26,14,13,14,65,14,26,14,30/7/2020,27
Ciencias_Informaticas,El Carmen,26,14,34,4,54,14,75,14,6/8/2020,6
Ciencias_Informaticas,El Carmen,26,14,5,14,38,14,80,14,13/8/2020,35
Ciencias_Informaticas,El Carmen,26,14,5,14,46,14,80,14,20/8/2020,35
Ciencias_Informaticas,El Carmen,26,14,5,14,46,14,80,14,27/8/2021,35
Ciencias_Informaticas,El Carmen,26,14,7,14,31,14,32,14,3/9/2020,33
Ciencias_Informaticas,El Carmen,26,14,5,14,169,14,32,14,10/9/2020,35
Ciencias_Informaticas,El Carmen,28,14,5,14,32,14,32,14,17/9/2020,37
Ciencias_Informaticas,El Carmen,26,14,4,14,96,14,75,14,24/9/2020,36
Ciencias_Informaticas,El Carmen,26,14,8,14,58,14,88,14,30/9/2020,32
Ciencias_Informaticas,El Carmen,26,14,6,14,65,14,83,14,8/10/2020,34
Ciencias_Informaticas,El Carmen,26,14,3,14,85,14,26,14,15/10/2020,37
Ciencias_Informaticas,El Carmen,26,14,3,14,85,14,26,14,22/10/2020,37
Ciencias_Informaticas,El Carmen,26,14,3,14,58,14,67,14,29/10/2020,37
Ciencias_Informaticas,El Carmen,26,14,3,14,85,14,67,14,5/11/2020,37
Ciencias_Informaticas,El Carmen,26,14,5,14,81,14,32,14,12/11/2020,35
Ciencias_Informaticas,El Carmen,22,14,4,14,32,14,25,14,25/11/2017,32
Ciencias_Informaticas,El Carmen,22,14,6,14,55,14,26,14,25/11/2017,30
Ciencias_Informaticas,El Carmen,22,14,4,14,41,14,26,14,5/6/2018,32
Ciencias_Informaticas,El Carmen,22,14,4,14,41,14,25,14,11/2/2018,32
Ciencias_Informaticas,El Carmen,22,14,4,14,36,14,25,14,11/2/2019,32
Ciencias_Informaticas,El Carmen,22,14,4,14,55,14,26,14,11/2/2021,32
Ciencias_Informaticas,El Carmen,22,14,4,14,36,14,26,14,11/2/2021,32
Ciencias_Informaticas,El Carmen,22,14,4,14,59,14,26,14,11/2/2018,32
Ciencias_Informaticas,El Carmen,22,14,4,14,55,14,26,14,11/6/2020,32
Ciencias_Informaticas,El Carmen,22,14,4,14,68,14,25,14,18/6/2020,32
Ciencias_Informaticas,El Carmen,22,14,4,14,55,14,26,14,25/6/2020,32
Ciencias_Informaticas,El Carmen,22,14,4,14,50,14,26,14,1/7/2020,32
Ciencias_Informaticas,El Carmen,22,14,4,14,50,14,26,14,8/7/2020,32
Ciencias_Informaticas,El Carmen,22,14,4,14,50,14,26,14,15/7/2020,32
Ciencias_Informaticas,El Carmen,22,14,4,14,50,14,26,14,7/9/2019,32
Ciencias_Informaticas,El Carmen,22,14,4,14,50,14,26,14,30/7/2020,32
Ciencias_Informaticas,El Carmen,22,14,4,14,50,14,26,14,6/8/2020,32
Ciencias_Informaticas,El Carmen,22,14,4,14,50,14,26,14,13/8/2020,32
Ciencias_Informaticas,El Carmen,22,14,4,14,77,14,25,14,20/8/2020,32
Ciencias_Informaticas,El Carmen,22,14,4,14,27,14,25,14,27/8/2021,32
Ciencias_Informaticas,El Carmen,22,14,4,14,27,14,25,14,3/9/2020,32
Ciencias_Informaticas,El Carmen,22,14,4,14,27,14,25,14,10/9/2020,32
Ciencias_Informaticas,El Carmen,22,14,4,14,50,14,75,14,17/9/2020,32
Ciencias_Informaticas,El Carmen,22,14,4,14,18,14,50,14,24/9/2020,32
Ciencias_Informaticas,El Carmen,22,14,4,14,55,14,26,14,30/9/2020,32
Ciencias_Informaticas,El Carmen,22,14,4,14,55,14,25,14,8/10/2020,32
Ciencias_Informaticas,El Carmen,22,14,4,14,50,14,50,14,15/10/2020,32
Ciencias_Informaticas,El Carmen,22,14,4,14,50,14,50,14,22/10/2020,32
Ciencias_Informaticas,El Carmen,22,14,4,14,50,14,50,14,29/10/2020,32
Ciencias_Informaticas,El Carmen,22,14,4,14,50,14,50,14,5/11/2020,32
Ciencias_Informaticas,El Carmen,22,14,4,14,50,14,50,14,12/11/2020,32
Arquitectura,Matriz,182,14,3,14,39,14,32,14,25/11/2017,193
Arquitectura,Matriz,182,14,4,14,44,14,26,14,25/11/2017,192
Arquitectura,Matriz,182,14,2,14,33,14,26,14,5/6/2018,194
Arquitectura,Matriz,182,14,2,14,89,14,26,14,11/2/2018,194
Arquitectura,Matriz,182,14,2,14,56,14,26,14,11/2/2019,194
Arquitectura,Matriz,182,14,2,14,26,14,26,14,11/2/2021,194
Arquitectura,Matriz,182,14,2,14,72,14,26,14,11/2/2021,194
Arquitectura,Matriz,182,14,2,14,32,14,50,14,11/2/2018,194
Arquitectura,Matriz,182,14,2,14,72,14,26,14,11/6/2020,194
Arquitectura,Matriz,182,14,2,14,61,14,50,14,18/6/2020,194
Arquitectura,Matriz,182,14,2,14,56,14,26,14,25/6/2020,194
Arquitectura,Matriz,182,14,2,14,78,14,50,14,1/7/2020,194
Arquitectura,Matriz,182,14,2,14,78,14,50,14,8/7/2020,194
Arquitectura,Matriz,182,14,2,14,78,14,26,14,15/7/2020,194
Arquitectura,Matriz,182,14,2,14,78,14,26,14,7/9/2019,194
Arquitectura,Matriz,182,14,4,14,50,14,32,14,30/7/2020,192
Arquitectura,Matriz,182,14,4,14,50,14,32,14,6/8/2020,192
Arquitectura,Matriz,182,14,4,14,50,14,32,14,13/8/2020,192
Arquitectura,Matriz,182,14,6,14,39,14,32,14,20/8/2020,190
Arquitectura,Matriz,182,14,7,14,61,14,32,14,27/8/2021,189
Arquitectura,Matriz,182,14,8,14,89,14,32,14,3/9/2020,188
Arquitectura,Matriz,182,14,4,14,56,14,32,14,10/9/2020,192
Arquitectura,Matriz,182,14,7,14,56,14,32,14,17/9/2020,189
Arquitectura,Matriz,182,14,7,14,50,14,32,14,24/9/2020,189
Arquitectura,Matriz,182,14,7,14,44,14,32,14,30/9/2020,189
Arquitectura,Matriz,182,14,3,14,32,14,32,14,8/10/2020,193
Arquitectura,Matriz,182,14,5,14,32,14,32,14,15/10/2020,191
Arquitectura,Matriz,182,14,5,14,32,14,32,14,22/10/2020,191
Arquitectura,Matriz,182,14,3,14,67,14,32,14,29/10/2020,193
Arquitectura,Matriz,182,14,3,14,56,14,32,14,5/11/2020,193
Arquitectura,Matriz,182,14,3,14,32,14,32,14,12/11/2020,193
Arquitectura,Chone,15,14,5,14,33,14,26,14,25/11/2017,24
Arquitectura,Chone,15,14,5,14,20,14,26,14,25/11/2017,24
Arquitectura,Chone,15,14,5,14,20,14,26,14,5/6/2018,24
Arquitectura,Chone,15,14,5,14,33,14,26,14,11/2/2018,24
Arquitectura,Chone,15,14,5,14,47,14,26,14,11/2/2019,24
Arquitectura,Chone,15,14,5,14,7,14,26,14,11/2/2021,24
Arquitectura,Chone,15,14,5,14,40,14,26,14,11/2/2021,24
Arquitectura,Chone,15,14,5,14,40,14,26,14,11/2/2018,24
Arquitectura,Chone,15,14,5,14,20,14,26,14,11/6/2020,24
Arquitectura,Chone,15,14,5,14,27,14,26,14,18/6/2020,24
Arquitectura,Chone,15,14,5,14,53,14,26,14,25/6/2020,24
Arquitectura,Chone,15,14,5,14,33,14,26,14,1/7/2020,24
Arquitectura,Chone,15,14,5,14,33,14,26,14,8/7/2020,24
Arquitectura,Chone,15,14,5,14,33,14,26,14,15/7/2020,24
Arquitectura,Chone,15,14,5,14,47,14,26,14,7/9/2019,24
Arquitectura,Chone,15,14,5,14,80,14,26,14,30/7/2020,24
Arquitectura,Chone,15,14,5,14,87,14,26,14,6/8/2020,24
Arquitectura,Chone,15,14,5,14,47,14,26,14,13/8/2020,24
Arquitectura,Chone,15,14,5,14,40,14,26,14,20/8/2020,24
Arquitectura,Chone,15,14,5,14,87,14,26,14,27/8/2021,24
Arquitectura,Chone,15,14,5,14,60,14,26,14,3/9/2020,24
Arquitectura,Chone,15,14,5,14,53,14,26,14,10/9/2020,24
Arquitectura,Chone,15,14,5,14,67,14,26,14,17/9/2020,24
Arquitectura,Chone,15,14,5,14,53,14,26,14,24/9/2020,24
Arquitectura,Chone,15,14,5,14,40,14,26,14,30/9/2020,24
Arquitectura,Chone,15,14,5,14,40,14,26,14,8/10/2020,24
Arquitectura,Chone,15,14,5,14,67,14,26,14,15/10/2020,24
Arquitectura,Chone,15,14,5,14,67,14,26,14,22/10/2020,24
Arquitectura,Chone,15,14,5,14,73,14,26,14,29/10/2020,24
Arquitectura,Chone,15,14,5,14,67,14,26,14,5/11/2020,24
Arquitectura,Chone,15,14,5,14,60,14,26,14,12/11/2020,24
Arquitectura,Bahia,135,14,50,3,43,14,16,32,25/11/2017,99
Arquitectura,Bahia,135,14,62,2,43,14,19,32,25/11/2017,87
Arquitectura,Bahia,135,5,62,6,37,14,23,33,5/6/2018,78
Arquitectura,Bahia,135,5,62,4,40,14,15,25,11/2/2018,78
Arquitectura,Bahia,135,5,62,4,74,14,16,75,11/2/2019,78
Arquitectura,Bahia,135,14,62,4,51,14,8,25,11/2/2021,87
Arquitectura,Bahia,135,14,62,4,49,14,11,75,11/2/2021,87
Arquitectura,Bahia,45,14,47,5,38,14,26,80,11/2/2018,12
Arquitectura,Bahia,45,14,45,7,53,14,36,29,11/6/2020,14
Arquitectura,Bahia,57,14,46,17,28,14,39,59,18/6/2020,25
Arquitectura,Bahia,57,14,46,17,35,14,43,41,25/6/2020,25
Arquitectura,Bahia,57,14,46,12,40,14,46,67,1/7/2020,25
Arquitectura,Bahia,57,14,46,15,23,14,48,40,8/7/2020,25
Arquitectura,Bahia,57,14,46,15,42,14,76,27,15/7/2020,25
Arquitectura,Bahia,57,14,46,10,44,14,67,50,7/9/2019,25
Arquitectura,Bahia,57,14,46,10,30,14,67,40,30/7/2020,25
Arquitectura,Bahia,57,14,50,7,82,14,46,71,6/8/2020,21
Arquitectura,Bahia,57,14,50,7,32,14,38,86,13/8/2020,21
Arquitectura,Bahia,57,14,50,7,39,14,46,86,20/8/2020,21
Arquitectura,Bahia,57,14,50,7,32,14,38,57,27/8/2021,21
Arquitectura,Bahia,57,14,42,14,23,14,57,14,3/9/2020,29
Arquitectura,Bahia,57,14,42,14,47,14,40,14,10/9/2020,29
Arquitectura,Bahia,57,14,42,14,30,14,29,14,17/9/2020,29
Arquitectura,Bahia,57,14,50,7,42,14,38,71,24/9/2020,21
Arquitectura,Bahia,57,14,50,7,40,14,16,29,30/9/2020,21
Arquitectura,Bahia,57,14,50,7,42,14,26,43,8/10/2020,21
Arquitectura,Bahia,57,14,50,7,42,14,12,14,15/10/2020,21
Arquitectura,Bahia,57,14,50,7,42,14,12,14,22/10/2020,21
Arquitectura,Bahia,57,14,50,7,67,14,12,29,29/10/2020,21
Arquitectura,Bahia,57,14,50,7,26,14,24,43,5/11/2020,21
Arquitectura,Bahia,57,14,50,7,56,14,32,86,12/11/2020,21
Arquitectura,El Carmen,14,14,1,14,14,14,26,14,25/11/2017,27
Arquitectura,El Carmen,63,14,26,14,40,14,26,14,25/11/2017,51
Arquitectura,El Carmen,63,14,26,14,32,14,26,14,5/6/2018,51
Arquitectura,El Carmen,63,14,26,14,93,14,26,14,11/2/2018,51
Arquitectura,El Carmen,63,14,26,14,67,14,26,14,11/2/2019,51
Arquitectura,El Carmen,63,14,26,14,40,14,26,14,11/2/2021,51
Arquitectura,El Carmen,63,14,26,14,60,14,26,14,11/2/2021,51
Arquitectura,El Carmen,63,14,26,14,27,14,26,14,11/2/2018,51
Arquitectura,El Carmen,63,14,26,14,53,14,26,14,11/6/2020,51
Arquitectura,El Carmen,63,14,26,14,47,14,26,14,18/6/2020,51
Arquitectura,El Carmen,63,14,26,14,73,14,26,14,25/6/2020,51
Arquitectura,El Carmen,63,14,26,14,67,14,26,14,1/7/2020,51
Arquitectura,El Carmen,63,14,26,14,93,14,26,14,8/7/2020,51
Arquitectura,El Carmen,63,14,26,14,80,14,26,14,15/7/2020,51
Arquitectura,El Carmen,63,14,26,14,27,14,26,14,7/9/2019,51
Arquitectura,El Carmen,63,14,26,14,53,14,26,14,30/7/2020,51
Arquitectura,El Carmen,63,14,26,14,53,14,26,14,6/8/2020,51
Arquitectura,El Carmen,63,14,26,14,93,14,26,14,13/8/2020,51
Arquitectura,El Carmen,63,14,26,14,60,14,26,14,20/8/2020,51
Arquitectura,El Carmen,63,14,26,14,20,14,26,14,27/8/2021,51
Arquitectura,El Carmen,63,14,26,14,40,14,26,14,3/9/2020,51
Arquitectura,El Carmen,63,14,26,14,73,14,26,14,10/9/2020,51
Arquitectura,El Carmen,63,14,26,14,32,14,26,14,17/9/2020,51
Arquitectura,El Carmen,63,14,26,14,80,14,26,14,24/9/2020,51
Arquitectura,El Carmen,63,14,26,14,80,14,26,14,30/9/2020,51
Arquitectura,El Carmen,63,14,26,14,60,14,26,14,8/10/2020,51
Arquitectura,El Carmen,63,14,26,14,53,14,26,14,15/10/2020,51
Arquitectura,El Carmen,63,14,26,14,53,14,26,14,22/10/2020,51
Arquitectura,El Carmen,63,14,26,14,60,14,26,14,29/10/2020,51
Arquitectura,El Carmen,63,14,26,14,20,14,26,14,5/11/2020,51
Arquitectura,El Carmen,63,14,26,14,32,14,26,14,12/11/2020,51
Medicina,Matriz,15,14,26,14,13,14,26,14,25/11/2017,3
Medicina,Matriz,15,14,26,14,67,14,26,14,25/11/2017,3
Medicina,Matriz,15,14,26,14,47,14,26,14,5/6/2018,3
Medicina,Matriz,15,14,26,14,40,14,26,14,11/2/2018,3
Medicina,Matriz,15,14,2,14,60,14,26,14,11/2/2019,27
Medicina,Matriz,15,14,2,14,40,14,26,14,11/2/2021,27
Medicina,Matriz,15,14,2,14,60,14,26,14,11/2/2021,27
Medicina,Matriz,15,14,2,14,27,14,26,14,11/2/2018,27
Medicina,Matriz,15,14,2,14,47,14,26,14,11/6/2020,27
Medicina,Matriz,15,14,2,14,27,14,26,14,18/6/2020,27
Medicina,Matriz,15,14,2,14,40,14,26,14,25/6/2020,27
Medicina,Matriz,15,14,2,14,33,14,26,14,1/7/2020,27
Medicina,Matriz,15,14,2,14,33,14,26,14,8/7/2020,27
Medicina,Matriz,15,14,2,14,33,14,26,14,15/7/2020,27
Medicina,Matriz,15,14,2,14,93,14,26,14,7/9/2019,27
Medicina,Matriz,15,14,2,14,47,14,26,14,30/7/2020,27
Medicina,Matriz,15,14,2,14,27,14,26,14,6/8/2020,27
Medicina,Matriz,15,14,2,14,33,14,26,14,13/8/2020,27
Medicina,Matriz,15,14,2,14,27,14,26,14,20/8/2020,27
Medicina,Matriz,15,14,2,14,33,14,26,14,27/8/2021,27
Medicina,Matriz,15,14,26,14,33,14,26,14,3/9/2020,3
Medicina,Matriz,15,14,26,14,27,14,26,14,10/9/2020,3
Medicina,Matriz,15,14,26,14,20,14,26,14,17/9/2020,3
Medicina,Matriz,15,14,2,14,40,14,26,14,24/9/2020,27
Medicina,Matriz,15,14,2,14,40,14,26,14,30/9/2020,27
Medicina,Matriz,15,14,2,14,60,14,26,14,8/10/2020,27
Medicina,Matriz,15,14,2,14,13,14,26,14,15/10/2020,27
Medicina,Matriz,15,14,2,14,13,14,26,14,22/10/2020,27
Medicina,Matriz,15,14,2,14,67,14,26,14,29/10/2020,27
Medicina,Matriz,15,14,2,14,73,14,26,14,5/11/2020,27
Medicina,Matriz,15,14,2,14,53,14,26,14,12/11/2020,27
Medicina,Chone,25,14,26,14,20,14,26,14,25/11/2017,13
Medicina,Chone,25,14,2,14,26,14,26,14,25/11/2017,37
Medicina,Chone,25,14,2,14,16,14,26,14,5/6/2018,37
Medicina,Chone,25,14,2,14,40,14,32,14,11/2/2018,37
Medicina,Chone,25,14,2,14,12,14,26,14,11/2/2019,37
Medicina,Chone,25,14,2,14,8,14,26,14,11/2/2021,37
Medicina,Chone,25,14,2,14,12,14,26,14,11/2/2021,37
Medicina,Chone,25,14,2,14,8,14,26,14,11/2/2018,37
Medicina,Chone,25,14,2,14,4,14,26,14,11/6/2020,37
Medicina,Chone,25,14,2,14,16,14,26,14,18/6/2020,37
Medicina,Chone,25,14,2,14,32,14,26,14,25/6/2020,37
Medicina,Chone,25,14,2,14,36,14,26,14,1/7/2020,37
Medicina,Chone,25,14,2,14,40,14,26,14,8/7/2020,37
Medicina,Chone,25,14,2,14,52,14,26,14,15/7/2020,37
Medicina,Chone,25,14,2,14,44,14,26,14,7/9/2019,37
Medicina,Chone,25,14,26,14,20,14,26,14,30/7/2020,13
Medicina,Chone,25,14,26,14,16,14,26,14,6/8/2020,13
Medicina,Chone,25,14,26,14,24,14,26,14,13/8/2020,13
Medicina,Chone,25,14,26,14,36,14,26,14,20/8/2020,13
Medicina,Chone,25,14,26,14,12,14,26,14,27/8/2021,13
Medicina,Chone,25,14,26,14,20,14,26,14,3/9/2020,13
Medicina,Chone,25,14,26,14,32,14,26,14,10/9/2020,13
Medicina,Chone,25,14,26,14,16,14,26,14,17/9/2020,13
Medicina,Chone,25,14,26,14,16,14,26,14,24/9/2020,13
Medicina,Chone,25,14,26,14,28,14,26,14,30/9/2020,13
Medicina,Chone,25,14,26,14,20,14,26,14,8/10/2020,13
Medicina,Chone,25,14,26,14,12,14,26,14,15/10/2020,13
Medicina,Chone,25,14,26,14,12,14,26,14,22/10/2020,13
Medicina,Chone,25,14,26,14,16,14,26,14,29/10/2020,13
Medicina,Chone,25,14,26,14,8,14,26,14,5/11/2020,13
Medicina,Chone,25,14,26,14,24,14,26,14,12/11/2020,13
Medicina,Bahia,162,2,10,1,62,50,90,32,25/11/2017,154
Medicina,Bahia,162,1,20,4,68,32,35,32,25/11/2017,143
Medicina,Bahia,162,1,10,3,60,32,60,33,5/6/2018,153
Medicina,Bahia,162,14,10,4,61,14,26,32,11/2/2018,166
Medicina,Bahia,162,1,10,2,65,32,14,32,11/2/2019,153
Medicina,Bahia,162,14,10,4,72,14,20,32,11/2/2021,166
Medicina,Bahia,162,14,10,4,77,14,26,32,11/2/2021,166
Medicina,Bahia,162,14,10,4,75,14,20,32,11/2/2018,166
Medicina,Bahia,162,14,10,4,81,14,20,32,11/6/2020,166
Medicina,Bahia,162,14,10,4,78,14,50,32,18/6/2020,166
Medicina,Bahia,162,14,10,4,72,14,32,32,25/6/2020,166
Medicina,Bahia,162,14,10,6,81,14,80,32,1/7/2020,166
Medicina,Bahia,146,14,16,6,82,14,32,32,8/7/2020,144
Medicina,Bahia,136,14,26,10,89,14,85,90,15/7/2020,124
Medicina,Bahia,112,14,50,12,90,14,50,32,7/9/2019,76
Medicina,Bahia,112,14,50,15,58,14,42,93,30/7/2020,76
Medicina,Bahia,112,14,50,15,36,14,62,32,6/8/2020,76
Medicina,Bahia,112,14,51,21,43,14,53,95,13/8/2020,75
Medicina,Bahia,112,14,51,21,42,14,55,81,20/8/2020,75
Medicina,Bahia,112,14,51,21,51,14,39,81,27/8/2021,75
Medicina,Bahia,112,14,51,14,56,14,43,14,3/9/2020,75
Medicina,Bahia,112,14,50,8,51,14,56,88,10/9/2020,76
Medicina,Bahia,112,14,50,8,41,14,48,38,17/9/2020,76
Medicina,Bahia,112,14,50,21,59,14,40,71,24/9/2020,76
Medicina,Bahia,112,14,50,21,65,14,42,57,30/9/2020,76
Medicina,Bahia,112,14,50,21,60,14,24,57,8/10/2020,76
Medicina,Bahia,112,14,50,21,62,14,36,48,15/10/2020,76
Medicina,Bahia,112,14,50,21,62,14,36,48,22/10/2020,76
Medicina,Bahia,112,14,50,21,41,14,16,48,29/10/2020,76
Medicina,Bahia,112,14,50,21,47,14,30,33,5/11/2020,76
Medicina,Bahia,112,14,25,21,63,14,28,19,12/11/2020,101
Medicina,El Carmen,136,14,10,4,26,14,20,75,25/11/2017,140
Medicina,El Carmen,84,14,14,4,14,26,14,26,25/11/2017,84
Medicina,El Carmen,84,14,11,4,24,14,82,225,5/6/2018,87
Medicina,El Carmen,84,14,11,4,40,14,91,32,11/2/2018,87
Medicina,El Carmen,84,14,11,4,37,14,73,125,11/2/2019,87
Medicina,El Carmen,84,14,11,4,31,14,82,75,11/2/2021,87
Medicina,El Carmen,84,14,11,4,45,14,32,32,11/2/2021,87
Medicina,El Carmen,84,14,11,4,37,14,91,75,11/2/2018,87
Medicina,El Carmen,84,14,13,8,51,14,54,50,11/6/2020,85
Medicina,El Carmen,84,14,13,8,43,14,46,63,18/6/2020,85
Medicina,El Carmen,84,14,13,8,37,14,32,75,25/6/2020,85
Medicina,El Carmen,84,14,13,8,25,14,32,50,1/7/2020,85
Medicina,El Carmen,84,14,17,8,31,14,32,50,8/7/2020,81
Medicina,El Carmen,84,14,16,8,27,14,32,38,15/7/2020,82
Medicina,El Carmen,84,14,14,8,49,14,32,88,7/9/2019,84
Medicina,El Carmen,84,14,22,8,39,14,32,75,30/7/2020,76
Medicina,El Carmen,84,14,21,8,42,14,32,88,6/8/2020,77
Medicina,El Carmen,84,14,27,8,44,14,32,75,13/8/2020,71
Medicina,El Carmen,84,14,15,8,33,14,32,75,20/8/2020,83
Medicina,El Carmen,84,14,18,8,32,14,32,88,27/8/2021,80
Medicina,El Carmen,84,14,19,14,27,14,32,14,3/9/2020,79
Medicina,El Carmen,84,14,19,8,35,14,32,75,10/9/2020,79
Medicina,El Carmen,84,14,40,9,29,14,45,32,17/9/2020,58
Medicina,El Carmen,84,14,40,8,36,14,38,63,24/9/2020,58
Medicina,El Carmen,84,14,40,8,36,14,45,88,30/9/2020,58
Medicina,El Carmen,84,14,40,8,55,14,25,88,8/10/2020,58
Medicina,El Carmen,84,14,40,8,57,14,35,38,15/10/2020,58
Medicina,El Carmen,84,14,40,8,57,14,35,38,22/10/2020,58
Medicina,El Carmen,84,14,40,8,52,14,20,75,29/10/2020,58
Medicina,El Carmen,84,14,40,8,38,14,25,63,5/11/2020,58
Medicina,El Carmen,84,14,40,8,45,14,8,63,12/11/2020,58
Odontologia,Matriz,50,14,4,14,18,14,26,14,25/11/2017,60
Odontologia,Matriz,50,14,26,14,80,14,26,14,25/11/2017,38
Odontologia,Matriz,50,14,4,14,28,14,26,14,5/6/2018,60
Odontologia,Matriz,50,14,4,14,26,14,26,14,11/2/2018,60
Odontologia,Matriz,50,14,4,14,18,14,26,14,11/2/2019,60
Odontologia,Matriz,50,14,4,14,44,14,26,14,11/2/2021,60
Odontologia,Matriz,50,14,4,14,24,14,26,14,11/2/2021,60
Odontologia,Matriz,50,14,4,14,34,14,26,14,11/2/2018,60
Odontologia,Matriz,50,14,4,14,26,14,26,14,11/6/2020,60
Odontologia,Matriz,50,14,4,14,44,14,26,14,18/6/2020,60
Odontologia,Matriz,50,14,4,14,34,14,26,14,25/6/2020,60
Odontologia,Matriz,50,14,4,14,38,14,26,14,1/7/2020,60
Odontologia,Matriz,50,14,4,14,32,14,26,14,8/7/2020,60
Odontologia,Matriz,50,14,4,14,32,14,26,14,15/7/2020,60
Odontologia,Matriz,50,14,4,14,30,14,75,14,7/9/2019,60
Odontologia,Matriz,50,14,4,14,24,14,25,14,30/7/2020,60
Odontologia,Matriz,50,14,4,14,16,14,32,14,6/8/2020,60
Odontologia,Matriz,50,14,4,14,18,14,75,14,13/8/2020,60
Odontologia,Matriz,50,14,4,14,32,14,32,14,20/8/2020,60
Odontologia,Matriz,50,14,8,14,36,14,50,14,27/8/2021,56
Odontologia,Matriz,50,14,3,14,32,14,32,14,3/9/2020,61
Odontologia,Matriz,50,14,4,14,28,14,32,14,10/9/2020,60
Odontologia,Matriz,50,14,4,14,36,14,32,14,17/9/2020,60
Odontologia,Matriz,50,14,4,14,24,14,32,14,24/9/2020,60
Odontologia,Matriz,50,14,7,14,38,14,43,14,30/9/2020,57
Odontologia,Matriz,50,14,4,14,54,14,26,14,8/10/2020,60
Odontologia,Matriz,50,14,6,14,28,14,33,14,15/10/2020,58
Odontologia,Matriz,50,14,6,14,28,14,33,14,22/10/2020,58
Odontologia,Matriz,50,14,6,14,30,14,33,14,29/10/2020,58
Odontologia,Matriz,50,14,7,14,34,14,43,14,5/11/2020,57
Odontologia,Matriz,50,14,4,14,28,14,25,14,12/11/2020,60
Odontologia,Chone,24,14,4,14,50,14,25,14,25/11/2017,34
Odontologia,Chone,4,14,4,14,32,14,32,14,25/11/2017,14
Odontologia,Chone,32,14,26,14,26,14,26,14,5/6/2018,20
Odontologia,Chone,32,14,26,14,26,14,26,14,11/2/2018,20
Odontologia,Chone,32,14,26,14,26,14,26,14,11/2/2019,20
Odontologia,Chone,32,14,26,14,53,14,26,14,11/2/2021,20
Odontologia,Chone,32,14,26,14,26,14,26,14,11/2/2021,20
Odontologia,Chone,32,14,26,14,75,14,26,14,11/2/2018,20
Odontologia,Chone,32,14,26,14,75,14,26,14,11/6/2020,20
Odontologia,Chone,32,14,26,14,169,14,26,14,18/6/2020,20
Odontologia,Chone,32,14,26,14,169,14,26,14,25/6/2020,20
Odontologia,Chone,32,14,26,14,26,14,26,14,1/7/2020,20
Odontologia,Chone,32,14,26,14,169,14,26,14,8/7/2020,20
Odontologia,Chone,32,14,26,14,169,14,26,14,15/7/2020,20
Odontologia,Chone,32,14,26,14,169,14,26,14,7/9/2019,20
Odontologia,Chone,32,14,26,14,169,14,26,14,30/7/2020,20
Odontologia,Chone,32,14,26,14,169,14,26,14,6/8/2020,20
Odontologia,Chone,32,14,26,14,169,14,26,14,13/8/2020,20
Odontologia,Chone,32,14,26,14,78,14,26,14,20/8/2020,20
Odontologia,Chone,32,14,26,14,75,14,26,14,27/8/2021,20
Odontologia,Chone,32,14,26,14,75,14,26,14,3/9/2020,20
Odontologia,Chone,32,14,26,14,78,14,26,14,10/9/2020,20
Odontologia,Chone,32,14,26,14,72,14,26,14,17/9/2020,20
Odontologia,Chone,32,14,26,14,72,14,26,14,24/9/2020,20
Odontologia,Chone,32,14,26,14,72,14,26,14,30/9/2020,20
Odontologia,Chone,32,14,26,14,72,14,26,14,8/10/2020,20
Odontologia,Chone,32,14,26,14,72,14,26,14,15/10/2020,20
Odontologia,Chone,32,14,26,14,72,14,26,14,22/10/2020,20
Odontologia,Chone,32,14,26,14,88,14,26,14,29/10/2020,20
Odontologia,Chone,32,14,26,14,50,14,26,14,5/11/2020,20
Odontologia,Chone,32,14,26,14,63,14,26,14,12/11/2020,20
Odontologia,Bahia,15,14,5,14,20,14,26,14,25/11/2017,24
Odontologia,Bahia,41,14,5,14,5,14,26,14,25/11/2017,50
Odontologia,Bahia,41,14,5,14,5,14,26,14,5/6/2018,50
Odontologia,Bahia,41,14,5,14,10,14,60,14,11/2/2018,50
Odontologia,Bahia,41,14,16,14,7,14,19,14,11/2/2019,39
Odontologia,Bahia,41,14,5,14,15,14,20,14,11/2/2021,50
Odontologia,Bahia,36,14,5,14,31,14,20,14,11/2/2021,45
Odontologia,Bahia,36,14,5,14,17,14,40,14,11/6/2020,45
Odontologia,Bahia,36,14,5,14,14,14,40,14,18/6/2020,45
Odontologia,Bahia,36,14,5,14,17,14,40,14,25/6/2020,45
Odontologia,Bahia,36,14,5,14,17,14,40,14,1/7/2020,45
Odontologia,Bahia,36,14,5,14,8,14,40,14,8/7/2020,45
Odontologia,Bahia,36,14,5,14,14,14,20,14,15/7/2020,45
Odontologia,Bahia,36,14,5,14,8,14,26,14,7/9/2019,45
Odontologia,Bahia,36,14,5,14,8,14,26,14,30/7/2020,45
Odontologia,Bahia,36,14,5,14,25,14,60,14,6/8/2020,45
Odontologia,Bahia,36,14,5,14,25,14,60,14,13/8/2020,45
Odontologia,Bahia,36,14,5,14,22,14,26,14,20/8/2020,45
Odontologia,Bahia,36,14,5,14,17,14,20,14,27/8/2021,45
Odontologia,Bahia,36,14,5,14,14,14,80,14,3/9/2020,45
Odontologia,Bahia,36,14,5,14,17,14,26,14,10/9/2020,45
Odontologia,Bahia,36,14,5,14,22,14,20,14,17/9/2020,45
Odontologia,Bahia,36,14,5,14,17,14,60,14,24/9/2020,45
Odontologia,Bahia,36,14,5,14,14,14,40,14,30/9/2020,45
Odontologia,Bahia,36,14,5,14,28,14,20,14,8/10/2020,45
Odontologia,Bahia,36,14,5,14,28,14,26,14,15/10/2020,45
Odontologia,Bahia,36,14,5,14,28,14,26,14,22/10/2020,45
Odontologia,Bahia,36,14,5,14,19,14,40,14,29/10/2020,45
Odontologia,Bahia,36,14,5,14,17,14,20,14,5/11/2020,45
Odontologia,Bahia,36,14,5,14,31,14,20,14,12/11/2020,45
Odontologia,El Carmen,63,14,1,14,7,14,26,14,25/11/2017,76
Odontologia,El Carmen,63,14,5,14,40,14,26,14,25/11/2017,72
Odontologia,El Carmen,63,14,5,14,27,14,26,14,5/6/2018,72
Odontologia,El Carmen,63,14,6,14,27,14,26,14,11/2/2018,71
Odontologia,El Carmen,63,14,6,14,40,14,26,14,11/2/2019,71
Odontologia,El Carmen,63,14,3,14,32,14,26,14,11/2/2021,74
Odontologia,El Carmen,63,14,3,14,67,14,26,14,11/2/2021,74
Odontologia,El Carmen,63,14,3,14,53,14,26,14,11/2/2018,74
Odontologia,El Carmen,63,14,3,14,33,14,26,14,11/6/2020,74
Odontologia,El Carmen,63,14,3,14,40,14,26,14,18/6/2020,74
Odontologia,El Carmen,63,14,3,14,73,14,33,14,25/6/2020,74
Odontologia,El Carmen,63,14,3,14,27,14,26,14,1/7/2020,74
Odontologia,El Carmen,63,14,3,14,27,14,26,14,8/7/2020,74
Odontologia,El Carmen,63,14,3,14,33,14,26,14,15/7/2020,74
Odontologia,El Carmen,63,14,3,14,27,14,26,14,7/9/2019,74
Odontologia,El Carmen,63,14,3,14,60,14,26,14,30/7/2020,74
Odontologia,El Carmen,63,14,3,14,33,14,33,14,6/8/2020,74
Odontologia,El Carmen,63,14,3,14,47,14,33,14,13/8/2020,74
Odontologia,El Carmen,63,14,3,14,33,14,26,14,20/8/2020,74
Odontologia,El Carmen,63,14,3,14,20,14,26,14,27/8/2021,74
Odontologia,El Carmen,63,14,26,14,33,14,26,14,3/9/2020,51
Odontologia,El Carmen,63,14,26,14,27,14,26,14,10/9/2020,51
Odontologia,El Carmen,63,14,26,14,33,14,26,14,17/9/2020,51
Odontologia,El Carmen,63,14,3,14,47,14,26,14,24/9/2020,74
Odontologia,El Carmen,63,14,3,14,53,14,33,14,30/9/2020,74
Odontologia,El Carmen,63,14,3,14,33,14,33,14,8/10/2020,74
Odontologia,El Carmen,63,14,3,14,47,14,26,14,15/10/2020,74
Odontologia,El Carmen,63,14,3,14,47,14,26,14,22/10/2020,74
Odontologia,El Carmen,63,14,3,14,53,14,26,14,29/10/2020,74
Odontologia,El Carmen,63,14,3,14,47,14,26,14,5/11/2020,74
Odontologia,El Carmen,63,14,3,14,40,14,26,14,12/11/2020,74
Ciencias_Administrativas,Matriz,25,14,3,14,12,14,32,14,25/11/2017,36
Ciencias_Administrativas,Matriz,25,14,3,14,8,14,33,14,25/11/2017,36
Ciencias_Administrativas,Matriz,25,14,3,14,12,14,33,14,5/6/2018,36
Ciencias_Administrativas,Matriz,25,14,3,14,8,14,26,14,11/2/2018,36
Ciencias_Administrativas,Matriz,25,14,3,14,8,14,26,14,11/2/2019,36
Ciencias_Administrativas,Matriz,142,14,3,14,26,14,26,14,11/2/2021,153
Ciencias_Administrativas,Matriz,142,14,50,14,20,14,26,14,11/2/2021,106
Ciencias_Administrativas,Matriz,142,14,50,14,28,14,26,14,11/2/2018,106
Ciencias_Administrativas,Matriz,142,14,50,14,16,14,33,14,11/6/2020,106
Ciencias_Administrativas,Matriz,142,14,50,14,16,14,33,14,18/6/2020,106
Ciencias_Administrativas,Matriz,142,14,7,14,28,14,26,14,25/6/2020,149
Ciencias_Administrativas,Matriz,142,14,3,14,24,14,26,14,1/7/2020,153
Ciencias_Administrativas,Matriz,142,14,3,14,40,14,33,14,8/7/2020,153
Ciencias_Administrativas,Matriz,25,14,3,14,20,14,32,14,15/7/2020,36
Ciencias_Administrativas,Matriz,25,14,3,14,12,14,67,14,7/9/2019,36
Ciencias_Administrativas,Matriz,25,14,3,14,32,14,67,14,30/7/2020,36
Ciencias_Administrativas,Matriz,25,14,3,14,16,14,26,14,6/8/2020,36
Ciencias_Administrativas,Matriz,25,14,3,14,12,14,26,14,13/8/2020,36
